bin,lower,upper,count,mean_probability,accuracy,absolute_gap
1,0.0,0.1,0,,,
2,0.1,0.2,0,,,
3,0.2,0.30000000000000004,0,,,
4,0.30000000000000004,0.4,3,0.3633333333333333,0.3333333333333333,0.02999999999999997
5,0.4,0.5,5,0.45599999999999996,0.4,0.05599999999999994
6,0.5,0.6000000000000001,18,0.5622222222222222,0.5,0.06222222222222218
7,0.6000000000000001,0.7000000000000001,12,0.6441666666666667,0.75,0.10583333333333333
8,0.7000000000000001,0.8,17,0.7523529411764707,0.6470588235294118,0.10529411764705887
9,0.8,0.9,46,0.851916996047431,0.717391304347826,0.13452569169960493
10,0.9,1.0,499,0.9887350458492743,0.9398797595190381,0.04885528633023617
