id,prediction,v2_label,correct,selected_probability_raw,selected_probability,api_confidence
test_00318,CARD_MANAGEMENT,CARD_MANAGEMENT,1,1.0,1.0,1.0
test_02805,TOP_UPS,TOP_UPS,1,1.0,1.0,1.0
test_02585,CURRENCY,CURRENCY,1,0.99,0.99,0.99
test_01304,CARD_MANAGEMENT,CARD_MANAGEMENT,1,1.0,1.0,1.0
test_02105,CARD_MANAGEMENT,DIGITAL_PAYMENTS,0,0.99,0.99,0.98
test_02218,TRANSFERS,TRANSFERS,1,1.0,1.0,1.0
test_02946,CARD_MANAGEMENT,CARD_MANAGEMENT,1,1.0,1.0,1.0
test_02016,IDENTITY_COMPLIANCE,IDENTITY_COMPLIANCE,1,1.0,1.0,1.0
test_02954,CARD_MANAGEMENT,CARD_MANAGEMENT,1,1.0,1.0,1.0
test_00622,TRANSFERS,TOP_UPS,0,1.0,1.0,1.0
test_01312,CARD_MANAGEMENT,CARD_MANAGEMENT,1,0.81,0.81,0.79
test_02539,CARD_MANAGEMENT,CARD_MANAGEMENT,1,0.54,0.54,0.48
test_02857,CARD_MANAGEMENT,CARD_MANAGEMENT,1,1.0,1.0,1.0
test_00103,CURRENCY,CURRENCY,1,1.0,1.0,1.0
test_00664,TOP_UPS,TOP_UPS,1,1.0,1.0,1.0
test_01566,CASH_WITHDRAWAL,CASH_WITHDRAWAL,1,1.0,1.0,1.0
test_01937,CARD_MANAGEMENT,CARD_MANAGEMENT,1,0.79,0.79,0.76
test_02960,TOP_UPS,DIGITAL_PAYMENTS,0,0.92,0.92,0.91
test_01823,DIGITAL_PAYMENTS,DIGITAL_PAYMENTS,1,0.91,0.91,0.9
test_02509,CARD_MANAGEMENT,CARD_MANAGEMENT,1,1.0,1.0,1.0
test_00054,CARD_MANAGEMENT,CARD_MANAGEMENT,1,0.83,0.83,0.81
test_00153,CURRENCY,CURRENCY,1,0.98,0.98,0.98
test_01422,SECURITY_DISPUTES,SECURITY_DISPUTES,1,1.0,1.0,1.0
test_00120,CURRENCY,CURRENCY,1,0.97,0.97,0.97
test_02819,TOP_UPS,TOP_UPS,1,0.95,0.95,0.94
test_00447,SECURITY_DISPUTES,SECURITY_DISPUTES,1,1.0,1.0,1.0
test_00281,CARD_MANAGEMENT,CARD_MANAGEMENT,1,1.0,1.0,1.0
test_00575,DIGITAL_PAYMENTS,DIGITAL_PAYMENTS,1,0.99,0.99,0.99
test_00430,CURRENCY,CURRENCY,1,1.0,1.0,1.0
test_01914,ACCOUNT_SERVICES,ACCOUNT_SERVICES,1,1.0,1.0,1.0
test_02597,CASH_WITHDRAWAL,CURRENCY,0,0.8200000000000001,0.8200000000000001,0.79
test_01699,DIGITAL_PAYMENTS,DIGITAL_PAYMENTS,1,1.0,1.0,1.0
test_00552,CARD_MANAGEMENT,CARD_MANAGEMENT,1,0.99,0.99,0.98
test_02199,TRANSFERS,TRANSFERS,1,1.0,1.0,1.0
test_01685,DIGITAL_PAYMENTS,DIGITAL_PAYMENTS,1,1.0,1.0,1.0
test_03047,CARD_MANAGEMENT,ACCOUNT_SERVICES,0,0.97,0.97,0.97
test_00940,CARD_MANAGEMENT,CARD_MANAGEMENT,1,1.0,1.0,1.0
test_01429,SECURITY_DISPUTES,SECURITY_DISPUTES,1,1.0,1.0,1.0
test_00496,ACCOUNT_SERVICES,ACCOUNT_SERVICES,1,1.0,1.0,1.0
test_02291,TRANSFERS,TRANSFERS,1,1.0,1.0,1.0
test_00905,CARD_MANAGEMENT,TOP_UPS,0,0.57,0.57,0.52
test_00373,CARD_MANAGEMENT,CARD_MANAGEMENT,1,1.0,1.0,1.0
test_01222,IDENTITY_COMPLIANCE,IDENTITY_COMPLIANCE,1,1.0,1.0,1.0
test_02774,CURRENCY,CURRENCY,1,1.0,1.0,1.0
test_02158,CARD_MANAGEMENT,CARD_MANAGEMENT,1,1.0,1.0,1.0
test_02981,TOP_UPS,DIGITAL_PAYMENTS,0,0.99,0.99,0.99
test_03013,IDENTITY_COMPLIANCE,IDENTITY_COMPLIANCE,1,1.0,1.0,1.0
test_00928,CARD_MANAGEMENT,CARD_MANAGEMENT,1,1.0,1.0,1.0
test_01393,CARD_MANAGEMENT,CARD_MANAGEMENT,1,1.0,1.0,1.0
test_01173,IDENTITY_COMPLIANCE,IDENTITY_COMPLIANCE,1,1.0,1.0,1.0
test_01472,CASH_WITHDRAWAL,CASH_WITHDRAWAL,1,0.84,0.84,0.82
test_00763,CASH_WITHDRAWAL,CASH_WITHDRAWAL,1,1.0,1.0,1.0
test_02955,CARD_MANAGEMENT,CARD_MANAGEMENT,1,1.0,1.0,1.0
test_00096,CURRENCY,CURRENCY,1,1.0,1.0,1.0
test_02788,CURRENCY,CURRENCY,1,1.0,1.0,1.0
test_01337,TOP_UPS,TOP_UPS,1,1.0,1.0,1.0
test_02968,DIGITAL_PAYMENTS,DIGITAL_PAYMENTS,1,0.99,0.99,0.99
test_02098,DIGITAL_PAYMENTS,DIGITAL_PAYMENTS,1,0.89,0.89,0.87
test_02990,TOP_UPS,DIGITAL_PAYMENTS,0,0.97,0.97,0.97
test_02085,DIGITAL_PAYMENTS,DIGITAL_PAYMENTS,1,0.89,0.89,0.88
test_02541,CARD_MANAGEMENT,CARD_MANAGEMENT,1,0.83,0.83,0.81
test_02989,TOP_UPS,DIGITAL_PAYMENTS,0,0.96,0.96,0.96
test_02294,TRANSFERS,TRANSFERS,1,1.0,1.0,1.0
test_01110,SECURITY_DISPUTES,SECURITY_DISPUTES,1,1.0,1.0,1.0
test_01427,SECURITY_DISPUTES,SECURITY_DISPUTES,1,0.97,0.97,0.97
test_02868,CARD_MANAGEMENT,CARD_MANAGEMENT,1,1.0,1.0,1.0
test_00156,CURRENCY,CURRENCY,1,1.0,1.0,1.0
test_00143,CURRENCY,CURRENCY,1,0.98,0.98,0.98
test_01266,CARD_MANAGEMENT,CARD_MANAGEMENT,1,1.0,1.0,1.0
test_02304,TRANSFERS,TRANSFERS,1,1.0,1.0,1.0
test_00869,TRANSFERS,TRANSFERS,1,0.98,0.98,0.97
test_00063,CARD_MANAGEMENT,CARD_MANAGEMENT,1,0.99,0.99,0.99
test_00900,CURRENCY,TOP_UPS,0,0.58,0.58,0.52
test_01347,TOP_UPS,TOP_UPS,1,1.0,1.0,1.0
test_00480,ACCOUNT_SERVICES,ACCOUNT_SERVICES,1,1.0,1.0,1.0
test_02755,CASH_WITHDRAWAL,SECURITY_DISPUTES,0,0.93,0.9393939393939393,0.92
test_02713,TRANSFERS,TRANSFERS,1,1.0,1.0,1.0
test_00232,CASH_WITHDRAWAL,CASH_WITHDRAWAL,1,0.66,0.66,0.61
test_00249,CURRENCY,CURRENCY,1,1.0,1.0,0.99
test_03071,ACCOUNT_SERVICES,ACCOUNT_SERVICES,1,0.6,0.6,0.54
test_02041,TRANSFERS,TRANSFERS,1,1.0,1.0,1.0
test_00675,TOP_UPS,TOP_UPS,1,1.0,1.0,1.0
test_02594,CURRENCY,CURRENCY,1,0.94,0.94,0.93
test_02812,TOP_UPS,TOP_UPS,1,0.99,0.99,0.99
test_01382,CARD_MANAGEMENT,CARD_MANAGEMENT,1,1.0,1.0,1.0
test_02413,CARD_MANAGEMENT,CARD_MANAGEMENT,1,1.0,1.0,1.0
test_01981,DIGITAL_PAYMENTS,DIGITAL_PAYMENTS,1,0.96,0.96,0.96
test_00799,CASH_WITHDRAWAL,CASH_WITHDRAWAL,1,0.99,0.99,0.99
test_00889,DIGITAL_PAYMENTS,TOP_UPS,0,0.48,0.48,0.41
test_01606,DIGITAL_PAYMENTS,DIGITAL_PAYMENTS,1,1.0,1.0,1.0
test_01582,CASH_WITHDRAWAL,CASH_WITHDRAWAL,1,1.0,1.0,1.0
test_01655,SECURITY_DISPUTES,SECURITY_DISPUTES,1,1.0,1.0,1.0
test_02492,CARD_MANAGEMENT,CARD_MANAGEMENT,1,1.0,1.0,1.0
test_02168,ACCOUNT_SERVICES,TRANSFERS,0,0.44,0.44,0.36
test_00852,DIGITAL_PAYMENTS,TRANSFERS,0,0.71,0.71,0.67
test_02249,ACCOUNT_SERVICES,TRANSFERS,0,0.61,0.61,0.56
test_00788,CASH_WITHDRAWAL,CASH_WITHDRAWAL,1,1.0,1.0,1.0
test_02128,CARD_MANAGEMENT,CARD_MANAGEMENT,1,0.98,0.98,0.97
test_02663,ACCOUNT_SERVICES,TOP_UPS,0,0.42,0.42,0.35
test_01259,CARD_MANAGEMENT,CARD_MANAGEMENT,1,1.0,1.0,1.0
test_00954,CARD_MANAGEMENT,CARD_MANAGEMENT,1,0.98,0.98,0.97
test_00196,DIGITAL_PAYMENTS,DIGITAL_PAYMENTS,1,0.99,0.99,0.98
test_01505,SECURITY_DISPUTES,SECURITY_DISPUTES,1,0.98,0.98,0.98
test_01879,TRANSFERS,TRANSFERS,1,1.0,1.0,1.0
test_00968,CARD_MANAGEMENT,CARD_MANAGEMENT,1,0.82,0.82,0.8
test_00516,ACCOUNT_SERVICES,ACCOUNT_SERVICES,1,1.0,1.0,1.0
test_02118,DIGITAL_PAYMENTS,DIGITAL_PAYMENTS,1,0.95,0.95,0.94
test_00861,TRANSFERS,TRANSFERS,1,1.0,1.0,1.0
test_00864,TRANSFERS,TRANSFERS,1,0.99,0.99,0.99
test_01052,TOP_UPS,TOP_UPS,1,0.93,0.93,0.92
test_00160,DIGITAL_PAYMENTS,DIGITAL_PAYMENTS,1,0.62,0.62,0.57
test_01521,ACCOUNT_SERVICES,ACCOUNT_SERVICES,1,0.98,0.98,0.98
test_00425,CURRENCY,CURRENCY,1,0.98,0.98,0.98
test_02796,CURRENCY,CURRENCY,1,1.0,1.0,1.0
test_02648,TOP_UPS,TOP_UPS,1,1.0,1.0,1.0
test_00666,TOP_UPS,TOP_UPS,1,1.0,1.0,1.0
test_00732,TOP_UPS,TOP_UPS,1,1.0,1.0,1.0
test_00802,DIGITAL_PAYMENTS,DIGITAL_PAYMENTS,1,1.0,1.0,0.99
test_03027,IDENTITY_COMPLIANCE,IDENTITY_COMPLIANCE,1,1.0,1.0,1.0
test_01142,ACCOUNT_SERVICES,ACCOUNT_SERVICES,1,1.0,1.0,1.0
test_01618,DIGITAL_PAYMENTS,DIGITAL_PAYMENTS,1,0.96,0.96,0.95
test_01390,CARD_MANAGEMENT,CARD_MANAGEMENT,1,1.0,1.0,1.0
test_00739,TOP_UPS,TOP_UPS,1,1.0,1.0,1.0
test_01423,SECURITY_DISPUTES,SECURITY_DISPUTES,1,1.0,1.0,1.0
test_02081,DIGITAL_PAYMENTS,DIGITAL_PAYMENTS,1,1.0,1.0,1.0
test_01940,CARD_MANAGEMENT,CARD_MANAGEMENT,1,0.82,0.82,0.79
test_02599,CASH_WITHDRAWAL,CURRENCY,0,0.57,0.57,0.51
test_02064,TRANSFERS,TRANSFERS,1,1.0,1.0,1.0
test_00152,CURRENCY,CURRENCY,1,0.99,0.99,0.99
test_00489,ACCOUNT_SERVICES,ACCOUNT_SERVICES,1,1.0,1.0,1.0
test_00031,CARD_MANAGEMENT,CARD_MANAGEMENT,1,1.0,1.0,1.0
test_00105,CURRENCY,CURRENCY,1,1.0,1.0,1.0
test_00175,DIGITAL_PAYMENTS,DIGITAL_PAYMENTS,1,0.85,0.8500000000000001,0.83
test_02088,DIGITAL_PAYMENTS,DIGITAL_PAYMENTS,1,1.0,1.0,1.0
test_00512,ACCOUNT_SERVICES,ACCOUNT_SERVICES,1,1.0,1.0,1.0
test_00189,SECURITY_DISPUTES,DIGITAL_PAYMENTS,0,0.86,0.86,0.84
test_02496,CARD_MANAGEMENT,CARD_MANAGEMENT,1,0.99,0.99,0.99
test_00929,CARD_MANAGEMENT,CARD_MANAGEMENT,1,1.0,1.0,1.0
test_02222,TRANSFERS,TRANSFERS,1,1.0,1.0,1.0
test_02487,CARD_MANAGEMENT,CARD_MANAGEMENT,1,1.0,1.0,1.0
test_01288,CARD_MANAGEMENT,CARD_MANAGEMENT,1,1.0,1.0,1.0
test_00198,DIGITAL_PAYMENTS,DIGITAL_PAYMENTS,1,0.93,0.93,0.91
test_01788,DIGITAL_PAYMENTS,DIGITAL_PAYMENTS,1,1.0,1.0,1.0
test_02137,CARD_MANAGEMENT,CARD_MANAGEMENT,1,1.0,1.0,1.0
test_03003,IDENTITY_COMPLIANCE,IDENTITY_COMPLIANCE,1,1.0,1.0,1.0
test_00060,CARD_MANAGEMENT,CARD_MANAGEMENT,1,0.46,0.46,0.39
test_01359,TOP_UPS,TOP_UPS,1,0.92,0.92,0.9
test_02380,TOP_UPS,TOP_UPS,1,0.82,0.82,0.8
test_01375,CARD_MANAGEMENT,CARD_MANAGEMENT,1,0.89,0.89,0.86
test_01300,CARD_MANAGEMENT,CARD_MANAGEMENT,1,0.83,0.83,0.81
test_00267,CURRENCY,CURRENCY,1,1.0,1.0,1.0
test_01404,CARD_MANAGEMENT,SECURITY_DISPUTES,0,0.98,0.98,0.98
test_01026,TOP_UPS,TOP_UPS,1,1.0,1.0,0.99
test_02352,TOP_UPS,TRANSFERS,0,0.92,0.92,0.91
test_01109,SECURITY_DISPUTES,SECURITY_DISPUTES,1,1.0,1.0,1.0
test_02910,CASH_WITHDRAWAL,CASH_WITHDRAWAL,1,1.0,1.0,1.0
test_00033,CARD_MANAGEMENT,CARD_MANAGEMENT,1,1.0,1.0,1.0
test_01546,ACCOUNT_SERVICES,ACCOUNT_SERVICES,1,0.99,0.99,0.99
test_01377,CARD_MANAGEMENT,CARD_MANAGEMENT,1,1.0,1.0,1.0
test_02860,CARD_MANAGEMENT,CARD_MANAGEMENT,1,1.0,1.0,1.0
test_02827,TOP_UPS,TOP_UPS,1,0.96,0.96,0.94
test_01620,DIGITAL_PAYMENTS,DIGITAL_PAYMENTS,1,1.0,1.0,1.0
test_00979,CARD_MANAGEMENT,CARD_MANAGEMENT,1,0.77,0.77,0.74
test_02387,TOP_UPS,TOP_UPS,1,0.92,0.92,0.91
test_02219,TRANSFERS,TRANSFERS,1,1.0,1.0,1.0
test_01619,DIGITAL_PAYMENTS,DIGITAL_PAYMENTS,1,1.0,1.0,1.0
test_02302,TRANSFERS,TRANSFERS,1,1.0,1.0,1.0
test_01752,TRANSFERS,TRANSFERS,1,1.0,1.0,1.0
test_01671,SECURITY_DISPUTES,SECURITY_DISPUTES,1,1.0,1.0,1.0
test_00672,TOP_UPS,TOP_UPS,1,1.0,1.0,1.0
test_02907,CASH_WITHDRAWAL,CASH_WITHDRAWAL,1,1.0,1.0,1.0
test_02273,TRANSFERS,TRANSFERS,1,0.8,0.8,0.77
test_00453,SECURITY_DISPUTES,SECURITY_DISPUTES,1,0.95,0.95,0.93
test_00885,TOP_UPS,TOP_UPS,1,0.53,0.53,0.47
test_00172,DIGITAL_PAYMENTS,DIGITAL_PAYMENTS,1,0.48,0.48,0.42
test_00371,CARD_MANAGEMENT,CARD_MANAGEMENT,1,0.98,0.98,0.98
test_02010,IDENTITY_COMPLIANCE,IDENTITY_COMPLIANCE,1,0.62,0.62,0.56
test_01302,CARD_MANAGEMENT,CARD_MANAGEMENT,1,0.99,0.99,0.99
test_01298,CARD_MANAGEMENT,CARD_MANAGEMENT,1,1.0,1.0,1.0
test_01739,DIGITAL_PAYMENTS,TRANSFERS,0,0.98,0.98,0.98
test_00947,CARD_MANAGEMENT,CARD_MANAGEMENT,1,1.0,1.0,1.0
test_02253,TRANSFERS,TRANSFERS,1,0.58,0.58,0.53
test_00260,CURRENCY,CURRENCY,1,0.99,0.99,0.99
test_01229,IDENTITY_COMPLIANCE,IDENTITY_COMPLIANCE,1,0.99,0.99,0.98
test_01901,ACCOUNT_SERVICES,ACCOUNT_SERVICES,1,1.0,1.0,1.0
test_01069,TOP_UPS,TOP_UPS,1,0.37,0.37,0.29
test_01329,TOP_UPS,TOP_UPS,1,0.98,0.98,0.97
test_00511,ACCOUNT_SERVICES,ACCOUNT_SERVICES,1,1.0,1.0,1.0
test_01343,TRANSFERS,TOP_UPS,0,0.85,0.85,0.83
test_02357,TRANSFERS,TRANSFERS,1,0.92,0.92,0.91
test_02013,IDENTITY_COMPLIANCE,IDENTITY_COMPLIANCE,1,1.0,1.0,1.0
test_00478,SECURITY_DISPUTES,SECURITY_DISPUTES,1,0.98,0.98,0.97
test_02556,CARD_MANAGEMENT,CARD_MANAGEMENT,1,1.0,1.0,1.0
test_01449,CASH_WITHDRAWAL,CASH_WITHDRAWAL,1,0.95,0.95,0.93
test_02825,TOP_UPS,TOP_UPS,1,1.0,1.0,1.0
test_02336,TOP_UPS,TRANSFERS,0,0.98,0.98,0.98
test_01213,ACCOUNT_SERVICES,IDENTITY_COMPLIANCE,0,0.59,0.59,0.53
test_00636,TRANSFERS,TOP_UPS,0,1.0,1.0,1.0
test_01489,SECURITY_DISPUTES,SECURITY_DISPUTES,1,1.0,1.0,1.0
test_02961,TOP_UPS,DIGITAL_PAYMENTS,0,0.97,0.97,0.96
test_01254,CARD_MANAGEMENT,CARD_MANAGEMENT,1,1.0,1.0,1.0
test_01531,ACCOUNT_SERVICES,ACCOUNT_SERVICES,1,0.97,0.97,0.96
test_01915,ACCOUNT_SERVICES,ACCOUNT_SERVICES,1,1.0,1.0,1.0
test_00163,DIGITAL_PAYMENTS,DIGITAL_PAYMENTS,1,0.64,0.64,0.6
test_00209,CASH_WITHDRAWAL,CASH_WITHDRAWAL,1,0.92,0.92,0.89
test_02323,TOP_UPS,TRANSFERS,0,1.0,1.0,1.0
test_01455,CASH_WITHDRAWAL,CASH_WITHDRAWAL,1,1.0,1.0,1.0
test_02073,TRANSFERS,TRANSFERS,1,0.76,0.76,0.72
test_01598,CASH_WITHDRAWAL,CASH_WITHDRAWAL,1,1.0,1.0,1.0
test_00505,ACCOUNT_SERVICES,ACCOUNT_SERVICES,1,1.0,1.0,1.0
test_01510,SECURITY_DISPUTES,SECURITY_DISPUTES,1,0.99,0.99,0.99
test_00469,SECURITY_DISPUTES,SECURITY_DISPUTES,1,1.0,1.0,1.0
test_00442,SECURITY_DISPUTES,SECURITY_DISPUTES,1,0.96,0.96,0.95
test_02434,CARD_MANAGEMENT,CARD_MANAGEMENT,1,1.0,1.0,1.0
test_01992,DIGITAL_PAYMENTS,DIGITAL_PAYMENTS,1,0.94,0.94,0.93
test_00180,ACCOUNT_SERVICES,DIGITAL_PAYMENTS,0,0.34,0.34,0.25
test_01354,TOP_UPS,TOP_UPS,1,0.97,0.97,0.95
test_00385,CARD_MANAGEMENT,CARD_MANAGEMENT,1,0.83,0.83,0.8
test_01643,SECURITY_DISPUTES,SECURITY_DISPUTES,1,1.0,1.0,1.0
test_00933,CARD_MANAGEMENT,CARD_MANAGEMENT,1,1.0,1.0,1.0
test_00579,DIGITAL_PAYMENTS,DIGITAL_PAYMENTS,1,0.74,0.74,0.71
test_00495,ACCOUNT_SERVICES,ACCOUNT_SERVICES,1,1.0,1.0,1.0
test_00931,CARD_MANAGEMENT,CARD_MANAGEMENT,1,1.0,1.0,1.0
test_01845,TRANSFERS,TRANSFERS,1,1.0,1.0,1.0
test_02381,TOP_UPS,TOP_UPS,1,0.58,0.58,0.53
test_03051,ACCOUNT_SERVICES,ACCOUNT_SERVICES,1,0.95,0.95,0.93
test_00700,TRANSFERS,TRANSFERS,1,1.0,1.0,1.0
test_02346,TRANSFERS,TRANSFERS,1,0.95,0.95,0.94
test_00077,CARD_MANAGEMENT,CARD_MANAGEMENT,1,0.99,0.99,0.98
test_02361,TOP_UPS,TOP_UPS,1,0.78,0.78,0.75
test_01283,DIGITAL_PAYMENTS,CARD_MANAGEMENT,0,0.8,0.8,0.77
test_01892,ACCOUNT_SERVICES,ACCOUNT_SERVICES,1,1.0,1.0,1.0
test_00203,CASH_WITHDRAWAL,CASH_WITHDRAWAL,1,1.0,1.0,1.0
test_03011,IDENTITY_COMPLIANCE,IDENTITY_COMPLIANCE,1,1.0,1.0,1.0
test_00463,SECURITY_DISPUTES,SECURITY_DISPUTES,1,0.97,0.97,0.96
test_00049,CARD_MANAGEMENT,CARD_MANAGEMENT,1,0.96,0.96,0.95
test_00919,CURRENCY,TOP_UPS,0,0.53,0.53,0.47
test_00694,TRANSFERS,TRANSFERS,1,0.9,0.9,0.88
test_02654,TOP_UPS,TOP_UPS,1,1.0,1.0,1.0
test_02295,TRANSFERS,TRANSFERS,1,1.0,1.0,1.0
test_02566,CURRENCY,CURRENCY,1,0.93,0.93,0.92
test_00891,CARD_MANAGEMENT,TOP_UPS,0,0.84,0.84,0.81
test_00644,TOP_UPS,TOP_UPS,1,1.0,1.0,1.0
test_02109,DIGITAL_PAYMENTS,DIGITAL_PAYMENTS,1,1.0,1.0,1.0
test_01388,CARD_MANAGEMENT,CARD_MANAGEMENT,1,1.0,1.0,1.0
test_02718,TRANSFERS,TRANSFERS,1,0.81,0.81,0.79
test_00457,CARD_MANAGEMENT,SECURITY_DISPUTES,0,0.74,0.74,0.7
test_01523,ACCOUNT_SERVICES,ACCOUNT_SERVICES,1,0.96,0.96,0.95
test_00823,DIGITAL_PAYMENTS,DIGITAL_PAYMENTS,1,0.99,0.99,0.99
test_01363,CARD_MANAGEMENT,CARD_MANAGEMENT,1,1.0,1.0,1.0
test_00290,CARD_MANAGEMENT,CARD_MANAGEMENT,1,0.9,0.9,0.89
test_02926,CARD_MANAGEMENT,CARD_MANAGEMENT,1,1.0,1.0,1.0
test_01789,DIGITAL_PAYMENTS,DIGITAL_PAYMENTS,1,1.0,1.0,1.0
test_00100,CURRENCY,CURRENCY,1,1.0,1.0,1.0
test_02854,CARD_MANAGEMENT,CARD_MANAGEMENT,1,1.0,1.0,1.0
test_00935,CARD_MANAGEMENT,CARD_MANAGEMENT,1,1.0,1.0,1.0
test_02242,CURRENCY,TRANSFERS,0,0.99,0.99,0.99
test_01564,CASH_WITHDRAWAL,CASH_WITHDRAWAL,1,1.0,1.0,1.0
test_02627,CARD_MANAGEMENT,CARD_MANAGEMENT,1,1.0,1.0,1.0
test_02261,ACCOUNT_SERVICES,TRANSFERS,0,0.73,0.73,0.68
test_02691,TRANSFERS,TRANSFERS,1,1.0,1.0,1.0
test_02203,TRANSFERS,TRANSFERS,1,1.0,1.0,1.0
test_02595,CURRENCY,CURRENCY,1,0.96,0.96,0.95
test_01807,DIGITAL_PAYMENTS,DIGITAL_PAYMENTS,1,0.93,0.93,0.92
test_01842,TRANSFERS,TRANSFERS,1,1.0,1.0,1.0
test_01085,SECURITY_DISPUTES,SECURITY_DISPUTES,1,0.88,0.88,0.87
test_02239,TRANSFERS,TRANSFERS,1,1.0,1.0,1.0
test_00534,CARD_MANAGEMENT,CARD_MANAGEMENT,1,0.88,0.88,0.86
test_01817,DIGITAL_PAYMENTS,DIGITAL_PAYMENTS,1,1.0,1.0,1.0
test_00708,TRANSFERS,TRANSFERS,1,0.85,0.85,0.82
test_02194,TRANSFERS,TRANSFERS,1,1.0,1.0,1.0
test_00850,TRANSFERS,TRANSFERS,1,1.0,1.0,1.0
test_00065,CARD_MANAGEMENT,CARD_MANAGEMENT,1,0.99,0.99,0.99
test_00072,CARD_MANAGEMENT,CARD_MANAGEMENT,1,0.9,0.9,0.89
test_00918,TOP_UPS,TOP_UPS,1,0.99,0.99,0.99
test_00104,CURRENCY,CURRENCY,1,1.0,1.0,1.0
test_01205,IDENTITY_COMPLIANCE,IDENTITY_COMPLIANCE,1,1.0,1.0,1.0
test_00286,CARD_MANAGEMENT,CARD_MANAGEMENT,1,0.92,0.92,0.9
test_02851,CARD_MANAGEMENT,CARD_MANAGEMENT,1,1.0,1.0,1.0
test_00095,CURRENCY,CURRENCY,1,1.0,1.0,1.0
test_01238,IDENTITY_COMPLIANCE,IDENTITY_COMPLIANCE,1,1.0,1.0,1.0
test_00558,CARD_MANAGEMENT,CARD_MANAGEMENT,1,1.0,1.0,1.0
test_01170,IDENTITY_COMPLIANCE,IDENTITY_COMPLIANCE,1,1.0,1.0,1.0
test_00500,ACCOUNT_SERVICES,ACCOUNT_SERVICES,1,1.0,1.0,1.0
test_02475,TOP_UPS,TOP_UPS,1,1.0,1.0,1.0
test_01534,ACCOUNT_SERVICES,ACCOUNT_SERVICES,1,0.97,0.97,0.96
test_02071,TRANSFERS,TRANSFERS,1,1.0,1.0,1.0
test_02902,CASH_WITHDRAWAL,CASH_WITHDRAWAL,1,1.0,1.0,1.0
test_00974,DIGITAL_PAYMENTS,CARD_MANAGEMENT,0,0.55,0.55,0.49
test_00354,TOP_UPS,TOP_UPS,1,0.88,0.88,0.86
test_00718,TRANSFERS,TRANSFERS,1,0.6,0.6,0.54
test_02482,CARD_MANAGEMENT,CARD_MANAGEMENT,1,1.0,1.0,0.99
test_00235,CASH_WITHDRAWAL,CASH_WITHDRAWAL,1,1.0,1.0,1.0
test_02529,CARD_MANAGEMENT,CARD_MANAGEMENT,1,0.9,0.9,0.89
test_00187,ACCOUNT_SERVICES,DIGITAL_PAYMENTS,0,0.62,0.62,0.57
test_00212,CASH_WITHDRAWAL,CASH_WITHDRAWAL,1,1.0,1.0,1.0
test_02776,CURRENCY,CURRENCY,1,1.0,1.0,1.0
test_02082,DIGITAL_PAYMENTS,DIGITAL_PAYMENTS,1,1.0,1.0,1.0
test_01088,SECURITY_DISPUTES,SECURITY_DISPUTES,1,1.0,1.0,1.0
test_00738,TOP_UPS,TOP_UPS,1,1.0,1.0,1.0
test_02978,TOP_UPS,DIGITAL_PAYMENTS,0,0.86,0.86,0.84
test_01165,IDENTITY_COMPLIANCE,IDENTITY_COMPLIANCE,1,1.0,1.0,1.0
test_00278,CURRENCY,CURRENCY,1,1.0,1.0,1.0
test_01436,SECURITY_DISPUTES,SECURITY_DISPUTES,1,1.0,1.0,1.0
test_00395,CARD_MANAGEMENT,CARD_MANAGEMENT,1,0.93,0.93,0.92
test_00693,TRANSFERS,TRANSFERS,1,0.58,0.58,0.52
test_01793,DIGITAL_PAYMENTS,DIGITAL_PAYMENTS,1,1.0,1.0,1.0
test_00337,TOP_UPS,TOP_UPS,1,0.99,0.99,0.99
test_01803,DIGITAL_PAYMENTS,DIGITAL_PAYMENTS,1,1.0,1.0,1.0
test_01821,DIGITAL_PAYMENTS,DIGITAL_PAYMENTS,1,1.0,1.0,1.0
test_02115,DIGITAL_PAYMENTS,DIGITAL_PAYMENTS,1,1.0,1.0,1.0
test_01216,IDENTITY_COMPLIANCE,IDENTITY_COMPLIANCE,1,0.99,0.99,0.99
test_02379,TOP_UPS,TOP_UPS,1,0.97,0.97,0.96
test_02000,IDENTITY_COMPLIANCE,IDENTITY_COMPLIANCE,1,1.0,1.0,1.0
test_02221,TRANSFERS,TRANSFERS,1,1.0,1.0,1.0
test_01311,CARD_MANAGEMENT,CARD_MANAGEMENT,1,0.68,0.68,0.63
test_02440,TOP_UPS,TOP_UPS,1,1.0,1.0,1.0
test_00388,CARD_MANAGEMENT,CARD_MANAGEMENT,1,0.99,0.99,0.99
test_02813,TOP_UPS,TOP_UPS,1,1.0,1.0,1.0
test_00114,CURRENCY,CURRENCY,1,1.0,1.0,1.0
test_00030,CARD_MANAGEMENT,CARD_MANAGEMENT,1,1.0,1.0,1.0
test_00330,TOP_UPS,TOP_UPS,1,0.94,0.94,0.93
test_02803,TOP_UPS,TOP_UPS,1,0.97,0.97,0.97
test_03029,IDENTITY_COMPLIANCE,IDENTITY_COMPLIANCE,1,1.0,1.0,1.0
test_01986,DIGITAL_PAYMENTS,DIGITAL_PAYMENTS,1,0.99,0.99,0.98
test_02174,TRANSFERS,TRANSFERS,1,0.92,0.92,0.91
test_01075,TOP_UPS,TOP_UPS,1,0.95,0.95,0.94
test_02468,TOP_UPS,TOP_UPS,1,1.0,1.0,1.0
test_00673,TOP_UPS,TOP_UPS,1,1.0,1.0,1.0
test_01252,CARD_MANAGEMENT,CARD_MANAGEMENT,1,0.98,0.98,0.97
test_00634,TRANSFERS,TOP_UPS,0,1.0,1.0,1.0
test_02956,CARD_MANAGEMENT,CARD_MANAGEMENT,1,1.0,1.0,1.0
test_01783,DIGITAL_PAYMENTS,DIGITAL_PAYMENTS,1,1.0,1.0,1.0
test_02077,TRANSFERS,TRANSFERS,1,1.0,1.0,1.0
test_02184,TRANSFERS,TRANSFERS,1,0.99,0.99,0.99
test_01108,SECURITY_DISPUTES,SECURITY_DISPUTES,1,0.94,0.94,0.93
test_01289,CARD_MANAGEMENT,CARD_MANAGEMENT,1,1.0,1.0,1.0
test_02130,CARD_MANAGEMENT,CARD_MANAGEMENT,1,1.0,1.0,1.0
test_02444,TOP_UPS,TOP_UPS,1,1.0,1.0,1.0
test_02390,TOP_UPS,TOP_UPS,1,0.79,0.79,0.76
test_02332,TRANSFERS,TRANSFERS,1,0.97,0.97,0.96
test_01105,SECURITY_DISPUTES,SECURITY_DISPUTES,1,1.0,1.0,1.0
test_00702,TRANSFERS,TRANSFERS,1,0.52,0.52,0.46
test_02982,TOP_UPS,DIGITAL_PAYMENTS,0,0.9400000000000001,0.9400000000000001,0.92
test_02244,TRANSFERS,TRANSFERS,1,1.0,1.0,1.0
test_01482,SECURITY_DISPUTES,SECURITY_DISPUTES,1,0.94,0.94,0.93
test_01672,SECURITY_DISPUTES,SECURITY_DISPUTES,1,0.98,0.98,0.97
test_02543,CARD_MANAGEMENT,CARD_MANAGEMENT,1,0.92,0.92,0.91
test_01548,ACCOUNT_SERVICES,ACCOUNT_SERVICES,1,0.99,0.99,0.99
test_02335,TOP_UPS,TRANSFERS,0,0.89,0.89,0.88
test_00190,DIGITAL_PAYMENTS,DIGITAL_PAYMENTS,1,0.57,0.57,0.51
test_02647,TOP_UPS,TOP_UPS,1,1.0,1.0,1.0
test_01705,DIGITAL_PAYMENTS,DIGITAL_PAYMENTS,1,1.0,1.0,1.0
test_03026,IDENTITY_COMPLIANCE,IDENTITY_COMPLIANCE,1,1.0,1.0,1.0
test_01511,SECURITY_DISPUTES,SECURITY_DISPUTES,1,0.97,0.97,0.97
test_00814,DIGITAL_PAYMENTS,DIGITAL_PAYMENTS,1,0.75,0.75,0.73
test_00668,TOP_UPS,TOP_UPS,1,1.0,1.0,1.0
test_01006,TOP_UPS,TOP_UPS,1,1.0,1.0,1.0
test_02166,TRANSFERS,TRANSFERS,1,1.0,1.0,1.0
test_01516,SECURITY_DISPUTES,SECURITY_DISPUTES,1,1.0,1.0,1.0
test_00044,CARD_MANAGEMENT,CARD_MANAGEMENT,1,0.94,0.94,0.93
test_01179,IDENTITY_COMPLIANCE,IDENTITY_COMPLIANCE,1,0.99,0.99,0.99
test_00076,CARD_MANAGEMENT,CARD_MANAGEMENT,1,0.96,0.96,0.95
test_02995,TOP_UPS,DIGITAL_PAYMENTS,0,1.0,1.0,1.0
test_02901,CASH_WITHDRAWAL,CASH_WITHDRAWAL,1,1.0,1.0,1.0
test_02455,TOP_UPS,TOP_UPS,1,1.0,1.0,1.0
test_00002,CARD_MANAGEMENT,CARD_MANAGEMENT,1,1.0,1.0,1.0
test_02355,TRANSFERS,TRANSFERS,1,0.96,0.96,0.95
test_00879,TRANSFERS,TRANSFERS,1,0.89,0.89,0.87
test_00684,TRANSFERS,TRANSFERS,1,1.0,1.0,1.0
test_01237,IDENTITY_COMPLIANCE,IDENTITY_COMPLIANCE,1,1.0,1.0,1.0
test_02622,CARD_MANAGEMENT,CARD_MANAGEMENT,1,1.0,1.0,1.0
test_01696,DIGITAL_PAYMENTS,DIGITAL_PAYMENTS,1,1.0,1.0,1.0
test_01826,DIGITAL_PAYMENTS,DIGITAL_PAYMENTS,1,0.91,0.91,0.89
test_00690,TRANSFERS,TRANSFERS,1,1.0,1.0,1.0
test_01441,CASH_WITHDRAWAL,CASH_WITHDRAWAL,1,0.96,0.96,0.96
test_01093,SECURITY_DISPUTES,SECURITY_DISPUTES,1,1.0,1.0,1.0
test_01913,ACCOUNT_SERVICES,ACCOUNT_SERVICES,1,1.0,1.0,1.0
test_01201,IDENTITY_COMPLIANCE,IDENTITY_COMPLIANCE,1,1.0,1.0,1.0
test_02017,IDENTITY_COMPLIANCE,IDENTITY_COMPLIANCE,1,0.84,0.84,0.82
test_01435,SECURITY_DISPUTES,SECURITY_DISPUTES,1,1.0,1.0,1.0
test_01357,TOP_UPS,TOP_UPS,1,1.0,1.0,1.0
test_00070,CARD_MANAGEMENT,CARD_MANAGEMENT,1,0.83,0.83,0.8
test_00098,CURRENCY,CURRENCY,1,1.0,1.0,1.0
test_02900,CASH_WITHDRAWAL,CASH_WITHDRAWAL,1,1.0,1.0,1.0
test_02835,TOP_UPS,TOP_UPS,1,1.0,1.0,1.0
test_02551,DIGITAL_PAYMENTS,CARD_MANAGEMENT,0,0.98,0.98,0.98
test_00774,CASH_WITHDRAWAL,CASH_WITHDRAWAL,1,1.0,1.0,1.0
test_02142,CARD_MANAGEMENT,CARD_MANAGEMENT,1,1.0,1.0,1.0
test_01513,SECURITY_DISPUTES,SECURITY_DISPUTES,1,1.0,1.0,0.99
test_02641,TOP_UPS,TOP_UPS,1,1.0,1.0,1.0
test_00481,ACCOUNT_SERVICES,ACCOUNT_SERVICES,1,1.0,1.0,1.0
test_02723,CASH_WITHDRAWAL,SECURITY_DISPUTES,0,1.0,1.0,1.0
test_00679,TOP_UPS,TOP_UPS,1,0.96,0.96,0.95
test_00241,CURRENCY,CURRENCY,1,1.0,1.0,1.0
test_00754,TOP_UPS,TOP_UPS,1,1.0,1.0,1.0
test_02448,TOP_UPS,TOP_UPS,1,1.0,1.0,1.0
test_00081,CURRENCY,CURRENCY,1,1.0,1.0,1.0
test_01731,TRANSFERS,TRANSFERS,1,1.0,1.0,1.0
test_01171,IDENTITY_COMPLIANCE,IDENTITY_COMPLIANCE,1,0.94,0.94,0.93
test_01223,IDENTITY_COMPLIANCE,IDENTITY_COMPLIANCE,1,0.81,0.81,0.78
test_01051,TOP_UPS,TOP_UPS,1,0.93,0.9393939393939393,0.92
test_02623,CARD_MANAGEMENT,CARD_MANAGEMENT,1,1.0,1.0,1.0
test_00564,CARD_MANAGEMENT,DIGITAL_PAYMENTS,0,0.58,0.58,0.52
test_02477,TOP_UPS,TOP_UPS,1,1.0,1.0,1.0
test_02007,IDENTITY_COMPLIANCE,IDENTITY_COMPLIANCE,1,0.96,0.96,0.95
test_01917,ACCOUNT_SERVICES,ACCOUNT_SERVICES,1,1.0,1.0,1.0
test_00615,TRANSFERS,TOP_UPS,0,1.0,1.0,1.0
test_02216,TRANSFERS,TRANSFERS,1,1.0,1.0,1.0
test_01623,ACCOUNT_SERVICES,DIGITAL_PAYMENTS,0,0.38,0.38,0.29
test_02590,CURRENCY,CURRENCY,1,0.99,0.99,0.98
test_02897,CASH_WITHDRAWAL,CASH_WITHDRAWAL,1,1.0,1.0,1.0
test_02251,TRANSFERS,TRANSFERS,1,1.0,1.0,1.0
test_01517,SECURITY_DISPUTES,SECURITY_DISPUTES,1,0.77,0.77,0.74
test_01794,DIGITAL_PAYMENTS,DIGITAL_PAYMENTS,1,1.0,1.0,1.0
test_01849,TRANSFERS,TRANSFERS,1,1.0,1.0,1.0
test_01831,DIGITAL_PAYMENTS,DIGITAL_PAYMENTS,1,1.0,1.0,1.0
test_02464,TOP_UPS,TOP_UPS,1,1.0,1.0,1.0
test_02988,TOP_UPS,DIGITAL_PAYMENTS,0,1.0,1.0,1.0
test_00154,CURRENCY,CURRENCY,1,0.98,0.98,0.98
test_00705,TRANSFERS,TRANSFERS,1,1.0,1.0,1.0
test_00767,CASH_WITHDRAWAL,CASH_WITHDRAWAL,1,1.0,1.0,1.0
test_01287,CARD_MANAGEMENT,CARD_MANAGEMENT,1,0.72,0.72,0.67
test_00069,CARD_MANAGEMENT,CARD_MANAGEMENT,1,0.78,0.78,0.75
test_03025,IDENTITY_COMPLIANCE,IDENTITY_COMPLIANCE,1,1.0,1.0,1.0
test_01046,TOP_UPS,TOP_UPS,1,0.98,0.98,0.97
test_00637,TRANSFERS,TOP_UPS,0,0.91,0.91,0.89
test_01471,CASH_WITHDRAWAL,CASH_WITHDRAWAL,1,0.96,0.96,0.95
test_02777,CURRENCY,CURRENCY,1,1.0,1.0,1.0
test_00490,ACCOUNT_SERVICES,ACCOUNT_SERVICES,1,1.0,1.0,1.0
test_00757,TOP_UPS,TOP_UPS,1,1.0,1.0,1.0
test_02852,CARD_MANAGEMENT,CARD_MANAGEMENT,1,0.71,0.71,0.67
test_00439,CURRENCY,CURRENCY,1,1.0,1.0,1.0
test_02209,TRANSFERS,TRANSFERS,1,1.0,1.0,1.0
test_01116,SECURITY_DISPUTES,SECURITY_DISPUTES,1,1.0,1.0,1.0
test_02952,CARD_MANAGEMENT,CARD_MANAGEMENT,1,1.0,1.0,1.0
test_00955,CARD_MANAGEMENT,CARD_MANAGEMENT,1,1.0,1.0,1.0
test_00406,CURRENCY,CURRENCY,1,1.0,1.0,1.0
test_01893,ACCOUNT_SERVICES,ACCOUNT_SERVICES,1,1.0,1.0,1.0
test_02512,CARD_MANAGEMENT,CARD_MANAGEMENT,1,1.0,1.0,1.0
test_01199,IDENTITY_COMPLIANCE,IDENTITY_COMPLIANCE,1,1.0,1.0,1.0
test_01936,CARD_MANAGEMENT,CARD_MANAGEMENT,1,0.65,0.65,0.6
test_02101,DIGITAL_PAYMENTS,DIGITAL_PAYMENTS,1,1.0,1.0,1.0
test_00297,CARD_MANAGEMENT,CARD_MANAGEMENT,1,1.0,1.0,1.0
test_02306,TRANSFERS,TRANSFERS,1,0.86,0.86,0.84
test_02423,CARD_MANAGEMENT,CARD_MANAGEMENT,1,0.98,0.98,0.98
test_02898,CASH_WITHDRAWAL,CASH_WITHDRAWAL,1,1.0,1.0,1.0
test_01765,DIGITAL_PAYMENTS,DIGITAL_PAYMENTS,1,1.0,1.0,1.0
test_02700,TRANSFERS,TRANSFERS,1,1.0,1.0,1.0
test_02996,TOP_UPS,DIGITAL_PAYMENTS,0,0.95,0.95,0.95
test_00039,CARD_MANAGEMENT,CARD_MANAGEMENT,1,1.0,1.0,1.0
test_02636,CARD_MANAGEMENT,CARD_MANAGEMENT,1,0.99,0.99,0.99
test_00360,DIGITAL_PAYMENTS,CARD_MANAGEMENT,0,0.54,0.54,0.48
test_00582,DIGITAL_PAYMENTS,DIGITAL_PAYMENTS,1,1.0,1.0,1.0
test_01989,DIGITAL_PAYMENTS,DIGITAL_PAYMENTS,1,1.0,1.0,0.99
test_00207,CASH_WITHDRAWAL,CASH_WITHDRAWAL,1,1.0,1.0,1.0
test_01555,ACCOUNT_SERVICES,ACCOUNT_SERVICES,1,0.99,0.99,0.98
test_01184,IDENTITY_COMPLIANCE,IDENTITY_COMPLIANCE,1,1.0,1.0,1.0
test_01474,CASH_WITHDRAWAL,CASH_WITHDRAWAL,1,0.97,0.97,0.96
test_01504,DIGITAL_PAYMENTS,SECURITY_DISPUTES,0,0.79,0.79,0.76
test_01310,CARD_MANAGEMENT,CARD_MANAGEMENT,1,0.83,0.83,0.81
test_02872,CARD_MANAGEMENT,CARD_MANAGEMENT,1,1.0,1.0,1.0
test_01576,CASH_WITHDRAWAL,CASH_WITHDRAWAL,1,1.0,1.0,1.0
test_01407,SECURITY_DISPUTES,SECURITY_DISPUTES,1,1.0,1.0,1.0
test_02471,TOP_UPS,TOP_UPS,1,1.0,1.0,1.0
test_02759,CASH_WITHDRAWAL,SECURITY_DISPUTES,0,0.88,0.88,0.86
test_01767,DIGITAL_PAYMENTS,DIGITAL_PAYMENTS,1,1.0,1.0,1.0
test_00483,ACCOUNT_SERVICES,ACCOUNT_SERVICES,1,1.0,1.0,1.0
test_01437,SECURITY_DISPUTES,SECURITY_DISPUTES,1,1.0,1.0,1.0
test_00375,CARD_MANAGEMENT,CARD_MANAGEMENT,1,0.91,0.91,0.9
test_00256,CURRENCY,CURRENCY,1,1.0,1.0,1.0
test_01107,SECURITY_DISPUTES,SECURITY_DISPUTES,1,1.0,1.0,1.0
test_00589,DIGITAL_PAYMENTS,DIGITAL_PAYMENTS,1,0.99,0.99,0.99
test_01320,TOP_UPS,TOP_UPS,1,1.0,1.0,1.0
test_01852,TRANSFERS,TRANSFERS,1,1.0,1.0,1.0
test_02829,TOP_UPS,TOP_UPS,1,1.0,1.0,1.0
test_01068,TOP_UPS,TOP_UPS,1,0.97,0.97,0.96
test_02680,TRANSFERS,TRANSFERS,1,1.0,1.0,1.0
test_00223,CASH_WITHDRAWAL,CASH_WITHDRAWAL,1,1.0,1.0,1.0
test_02133,CARD_MANAGEMENT,CARD_MANAGEMENT,1,1.0,1.0,1.0
test_02288,TRANSFERS,TRANSFERS,1,1.0,1.0,1.0
test_00118,CURRENCY,CURRENCY,1,0.89,0.89,0.87
test_01488,SECURITY_DISPUTES,SECURITY_DISPUTES,1,1.0,1.0,1.0
test_01898,ACCOUNT_SERVICES,ACCOUNT_SERVICES,1,1.0,1.0,1.0
test_01251,CARD_MANAGEMENT,CARD_MANAGEMENT,1,1.0,1.0,1.0
test_00784,CASH_WITHDRAWAL,CASH_WITHDRAWAL,1,1.0,1.0,1.0
test_01891,ACCOUNT_SERVICES,ACCOUNT_SERVICES,1,1.0,1.0,1.0
test_01092,SECURITY_DISPUTES,SECURITY_DISPUTES,1,1.0,1.0,1.0
test_02770,CURRENCY,CURRENCY,1,1.0,1.0,1.0
test_01575,CASH_WITHDRAWAL,CASH_WITHDRAWAL,1,0.99,0.99,0.99
test_01321,SECURITY_DISPUTES,TOP_UPS,0,0.81,0.8181818181818181,0.79
test_01790,DIGITAL_PAYMENTS,DIGITAL_PAYMENTS,1,1.0,1.0,1.0
test_02508,CARD_MANAGEMENT,CARD_MANAGEMENT,1,1.0,1.0,1.0
test_02710,TRANSFERS,TRANSFERS,1,1.0,1.0,1.0
test_01597,CASH_WITHDRAWAL,CASH_WITHDRAWAL,1,1.0,1.0,1.0
test_00010,CARD_MANAGEMENT,CARD_MANAGEMENT,1,1.0,1.0,1.0
test_00641,TOP_UPS,TOP_UPS,1,1.0,1.0,1.0
test_02557,DIGITAL_PAYMENTS,CARD_MANAGEMENT,0,0.89,0.89,0.88
test_01296,DIGITAL_PAYMENTS,CARD_MANAGEMENT,0,0.92,0.92,0.91
test_01077,TOP_UPS,TOP_UPS,1,0.95,0.95,0.94
test_02172,CURRENCY,TRANSFERS,0,0.91,0.91,0.89
test_02046,TRANSFERS,TRANSFERS,1,1.0,1.0,1.0
test_02087,DIGITAL_PAYMENTS,DIGITAL_PAYMENTS,1,1.0,1.0,0.99
test_01295,CARD_MANAGEMENT,CARD_MANAGEMENT,1,0.95,0.95,0.94
test_00930,CARD_MANAGEMENT,CARD_MANAGEMENT,1,1.0,1.0,1.0
test_02751,SECURITY_DISPUTES,SECURITY_DISPUTES,1,1.0,1.0,1.0
test_01231,IDENTITY_COMPLIANCE,IDENTITY_COMPLIANCE,1,1.0,1.0,1.0
test_00765,CASH_WITHDRAWAL,CASH_WITHDRAWAL,1,1.0,1.0,1.0
test_01191,IDENTITY_COMPLIANCE,IDENTITY_COMPLIANCE,1,1.0,1.0,1.0
test_02051,TRANSFERS,TRANSFERS,1,1.0,1.0,1.0
test_00605,TRANSFERS,TOP_UPS,0,1.0,1.0,1.0
test_02048,TRANSFERS,TRANSFERS,1,1.0,1.0,1.0
test_00631,TOP_UPS,TOP_UPS,1,0.88,0.88,0.86
test_02653,TOP_UPS,TOP_UPS,1,1.0,1.0,1.0
test_01180,IDENTITY_COMPLIANCE,IDENTITY_COMPLIANCE,1,1.0,1.0,1.0
test_00825,CARD_MANAGEMENT,DIGITAL_PAYMENTS,0,0.72,0.72,0.68
test_00078,CARD_MANAGEMENT,CARD_MANAGEMENT,1,0.99,0.99,0.99
test_01232,IDENTITY_COMPLIANCE,IDENTITY_COMPLIANCE,1,1.0,1.0,1.0
test_02548,DIGITAL_PAYMENTS,CARD_MANAGEMENT,0,0.88,0.88,0.86
test_00422,CURRENCY,CURRENCY,1,1.0,1.0,1.0
test_02741,SECURITY_DISPUTES,SECURITY_DISPUTES,1,0.82,0.82,0.8
test_00970,CARD_MANAGEMENT,CARD_MANAGEMENT,1,0.87,0.87,0.85
test_01950,CASH_WITHDRAWAL,CARD_MANAGEMENT,0,0.51,0.51,0.44
test_00584,DIGITAL_PAYMENTS,DIGITAL_PAYMENTS,1,0.91,0.91,0.89
test_01260,CARD_MANAGEMENT,CARD_MANAGEMENT,1,1.0,1.0,1.0
test_02015,IDENTITY_COMPLIANCE,IDENTITY_COMPLIANCE,1,1.0,1.0,1.0
test_00743,TOP_UPS,TOP_UPS,1,1.0,1.0,1.0
test_01781,DIGITAL_PAYMENTS,DIGITAL_PAYMENTS,1,1.0,1.0,1.0
test_00228,CASH_WITHDRAWAL,CASH_WITHDRAWAL,1,1.0,1.0,1.0
test_01957,CARD_MANAGEMENT,CARD_MANAGEMENT,1,0.67,0.67,0.63
test_02467,TOP_UPS,TOP_UPS,1,1.0,1.0,0.99
test_01854,TRANSFERS,TRANSFERS,1,1.0,1.0,1.0
test_01459,CASH_WITHDRAWAL,CASH_WITHDRAWAL,1,0.96,0.96,0.95
test_00493,ACCOUNT_SERVICES,ACCOUNT_SERVICES,1,1.0,1.0,1.0
test_01149,ACCOUNT_SERVICES,ACCOUNT_SERVICES,1,1.0,1.0,1.0
test_02799,CURRENCY,CURRENCY,1,1.0,1.0,1.0
test_02217,TRANSFERS,TRANSFERS,1,0.99,0.99,0.99
test_01710,DIGITAL_PAYMENTS,DIGITAL_PAYMENTS,1,1.0,1.0,1.0
test_00587,DIGITAL_PAYMENTS,DIGITAL_PAYMENTS,1,0.89,0.89,0.87
test_00356,TOP_UPS,TOP_UPS,1,1.0,1.0,1.0
test_03021,IDENTITY_COMPLIANCE,IDENTITY_COMPLIANCE,1,1.0,1.0,1.0
test_01317,CARD_MANAGEMENT,CARD_MANAGEMENT,1,0.89,0.89,0.88
test_01358,TOP_UPS,TOP_UPS,1,1.0,1.0,1.0
test_01250,CARD_MANAGEMENT,CARD_MANAGEMENT,1,0.95,0.95,0.94
test_02773,CURRENCY,CURRENCY,1,1.0,1.0,1.0
test_02493,CARD_MANAGEMENT,CARD_MANAGEMENT,1,1.0,1.0,1.0
test_02964,TOP_UPS,DIGITAL_PAYMENTS,0,0.87,0.87,0.86
test_02531,CARD_MANAGEMENT,CARD_MANAGEMENT,1,0.84,0.84,0.82
test_01652,SECURITY_DISPUTES,SECURITY_DISPUTES,1,1.0,1.0,1.0
test_00485,ACCOUNT_SERVICES,ACCOUNT_SERVICES,1,1.0,1.0,1.0
test_01125,ACCOUNT_SERVICES,ACCOUNT_SERVICES,1,1.0,1.0,1.0
test_00324,TOP_UPS,TOP_UPS,1,1.0,1.0,1.0
test_00055,CARD_MANAGEMENT,CARD_MANAGEMENT,1,1.0,1.0,1.0
test_01323,TRANSFERS,TOP_UPS,0,0.92,0.92,0.91
test_01011,TOP_UPS,TOP_UPS,1,1.0,1.0,1.0
test_01465,CASH_WITHDRAWAL,CASH_WITHDRAWAL,1,0.92,0.92,0.91
test_00301,CARD_MANAGEMENT,CARD_MANAGEMENT,1,0.98,0.98,0.98
test_02683,TRANSFERS,TRANSFERS,1,1.0,1.0,1.0
test_00744,TOP_UPS,TOP_UPS,1,1.0,1.0,1.0
test_02177,CURRENCY,TRANSFERS,0,0.74,0.74,0.7
test_01964,DIGITAL_PAYMENTS,DIGITAL_PAYMENTS,1,0.88,0.88,0.87
test_00411,CURRENCY,CURRENCY,1,1.0,1.0,1.0
test_02039,IDENTITY_COMPLIANCE,IDENTITY_COMPLIANCE,1,1.0,1.0,1.0
test_00157,CURRENCY,CURRENCY,1,0.97,0.97,0.96
test_01168,IDENTITY_COMPLIANCE,IDENTITY_COMPLIANCE,1,1.0,1.0,1.0
test_00768,CASH_WITHDRAWAL,CASH_WITHDRAWAL,1,1.0,1.0,1.0
test_00119,CURRENCY,CURRENCY,1,1.0,1.0,1.0
test_00177,DIGITAL_PAYMENTS,DIGITAL_PAYMENTS,1,0.91,0.91,0.9
test_03018,IDENTITY_COMPLIANCE,IDENTITY_COMPLIANCE,1,1.0,1.0,1.0
test_01425,ACCOUNT_SERVICES,SECURITY_DISPUTES,0,0.68,0.68,0.65
test_00284,CARD_MANAGEMENT,CARD_MANAGEMENT,1,1.0,1.0,1.0
test_03038,IDENTITY_COMPLIANCE,IDENTITY_COMPLIANCE,1,1.0,1.0,1.0
test_02771,CURRENCY,CURRENCY,1,1.0,1.0,1.0
test_00785,CASH_WITHDRAWAL,CASH_WITHDRAWAL,1,1.0,1.0,1.0
test_01367,CARD_MANAGEMENT,CARD_MANAGEMENT,1,0.99,0.99,0.98
test_02699,TRANSFERS,TRANSFERS,1,1.0,1.0,1.0
test_01158,ACCOUNT_SERVICES,ACCOUNT_SERVICES,1,1.0,1.0,1.0
test_01616,DIGITAL_PAYMENTS,DIGITAL_PAYMENTS,1,0.95,0.95,0.94
test_02315,TRANSFERS,TRANSFERS,1,1.0,1.0,1.0
test_01601,DIGITAL_PAYMENTS,DIGITAL_PAYMENTS,1,0.61,0.61,0.56
test_01340,TRANSFERS,TOP_UPS,0,0.86,0.86,0.83
test_00325,TOP_UPS,TOP_UPS,1,0.98,0.98,0.98
test_02032,IDENTITY_COMPLIANCE,IDENTITY_COMPLIANCE,1,0.92,0.92,0.9
test_02459,TOP_UPS,TOP_UPS,1,1.0,1.0,1.0
test_02164,TRANSFERS,TRANSFERS,1,1.0,1.0,1.0
test_02873,CARD_MANAGEMENT,CARD_MANAGEMENT,1,1.0,1.0,1.0
test_00309,CARD_MANAGEMENT,CARD_MANAGEMENT,1,1.0,1.0,1.0
test_01064,TOP_UPS,TOP_UPS,1,0.98,0.98,0.98
test_00951,CARD_MANAGEMENT,CARD_MANAGEMENT,1,1.0,1.0,1.0
test_01522,ACCOUNT_SERVICES,ACCOUNT_SERVICES,1,0.96,0.96,0.95
test_02290,TRANSFERS,TRANSFERS,1,1.0,1.0,1.0
test_00793,CASH_WITHDRAWAL,CASH_WITHDRAWAL,1,0.98,0.98,0.97
test_01532,ACCOUNT_SERVICES,ACCOUNT_SERVICES,1,0.99,0.99,0.98
test_01398,CARD_MANAGEMENT,CARD_MANAGEMENT,1,0.99,0.99,0.99
test_02126,CARD_MANAGEMENT,CARD_MANAGEMENT,1,1.0,1.0,1.0
test_01928,CARD_MANAGEMENT,CARD_MANAGEMENT,1,0.67,0.67,0.62
test_00541,CARD_MANAGEMENT,CARD_MANAGEMENT,1,1.0,1.0,1.0
test_02187,TRANSFERS,TRANSFERS,1,1.0,1.0,1.0
test_03050,CARD_MANAGEMENT,ACCOUNT_SERVICES,0,1.0,1.0,0.99
test_01271,CARD_MANAGEMENT,CARD_MANAGEMENT,1,1.0,1.0,1.0
